<?xml version="1.0" encoding="utf-8"?>
<!--
 * ***** BEGIN LICENSE BLOCK *****
 *
 * Zimbra Collaboration Suite CSharp Client
 * Copyright (C) 2012, 2013, 2014, 2016 Synacor, Inc.
 *
 * The contents of this file are subject to the Common Public Attribution License Version 1.0 (the "License");
 * you may not use this file except in compliance with the License.
 * You may obtain a copy of the License at: https://www.zimbra.com/license
 * The License is based on the Mozilla Public License Version 1.1 but Sections 14 and 15
 * have been added to cover use of software over a computer network and provide for limited attribution
 * for the Original Developer. In addition, Exhibit A has been modified to be consistent with Exhibit B.
 *
 * Software distributed under the License is distributed on an "AS IS" basis,
 * WITHOUT WARRANTY OF ANY KIND, either express or implied.
 * See the License for the specific language governing rights and limitations under the License.
 * The Original Code is Zimbra Open Source Web Client.
 * The Initial Developer of the Original Code is Zimbra, Inc.  All rights to the Original Code were
 * transferred by Zimbra, Inc. to Synacor, Inc. on September 14, 2015.
 *
 * All portions of the code are Copyright (C) 2012, 2013, 2014, 2016 Synacor, Inc. All Rights Reserved.
 *
 * ***** END LICENSE BLOCK *****
-->
<WebWorksHelpBook version="5.0" name="MigrationHelp_870" context="MigrationHelp_870" locale="en" xmlns="urn:WebWorks-Help-Book-Files-Schema">
  <CommonWordsToSkip minlen="3">
    a about after all also am an and another any are as at
    be because been before being between both but by
    came can come copyright corp corporation could
    did do does
    each etc
    for from
    get goes got
    had has have he her here him himself his how
    if in inc into is it its
    let like
    make many me might more most much must my
    never nor not now
    of off on one only or other our out over own
    reserved rights
    said same see set shall she should since so some still such
    take than that the their them then there these they this those though through to too
    under us use
    very
    was way we well were what when where which while who why will with would
    yes yet you your
   </CommonWordsToSkip>
  <ScoringPrefs>
    <meta name="keywords" weight="100" />
    <meta name="description" weight="50" />
    <meta name="summary" weight="50" />
    <title weight="20" />
    <h1 weight="15" />
    <h2 weight="10" />
    <caption weight="10" />
    <h3 weight="7" />
    <th weight="5" />
    <h4 weight="5" />
    <h5 weight="4" />
    <h6 weight="3" />
    <h7 weight="2" />
  </ScoringPrefs>
  <DocumentInfo>
    <Document title="Starting the Migration" href="welcome.html" />
    <Document title="Server Migration Source Information" href="source_server.html" />
    <Document title="User Migration Source Information" href="source_user.html" />
    <Document title="Destination Server Configuration (Server)" href="destination_server.html" />
    <Document title="Destination Server Configuration (User)" href="destination_user.html" />
    <Document title="Selecting Options to Migrate (Server)" href="options_server.html" />
    <Document title="Selecting Options to Migrate (User)" href="options_user.html" />
    <Document title="Selecting Users to Migrate" href="users_main.html" />
    <Document title="Use Load CSV" href="users_csv.html" />
    <Document title="Use Object Picker" href="users_obj_picker.html" />
    <Document title="Use LDAP Browser" href="users_ldap.html" />
    <Document title="Add Users Manually" href="users_add_manually.html" />
    <Document title="Selecting Public Folders to Migrate" href="public_folders.html" />
    <Document title="Scheduling the Migration" href="migrate.html" />
    <Document title="Viewing Migration Results" href="results.html" />
  </DocumentInfo>
  <TopicMap />
</WebWorksHelpBook>